StoreName,PrimaryAddress,StoreHours,StoreLocatorPhone
TEMPLE VET CLINIC,"
PO BOX 340
LEXINGTON,
OR
97839




5419898181

2.183 miles from 97818
","
",5419898181
HERMISTON VETERINARY CLINIC,"
1995 S HIGHWAY 395
HERMISTON,
OR
97838




5415676466

33.516 miles from 97818
","
",5415676466
COUNTRY ANIMAL HOSPITAL/KENNEL,"
PO BOX 721
HERMISTON,
OR
97838




5415676086

34.068 miles from 97818
","
",5415676086
OREGON TRAIL VETERINARY CLINIC,"
80489 N HIGHWAY 395
HERMISTON,
OR
97838




5415671138

35.682 miles from 97818
","
",5415671138
FRONTIER GENETICS VETERINARY,"
80756 HICKEY LN
HERMISTON,
OR
97838




5415672930

37.143 miles from 97818
","
",5415672930
PENDLETON VETERINARY CLINIC,"
1901 SW COURT AVE
PENDLETON,
OR
97801




5412763141

44.654 miles from 97818
","
",5412763141
RIVERSIDE VETERINARY CLINIC,"
2504 NE RIVERSIDE PL
PENDLETON,
OR
97801




5412764270

46.941 miles from 97818
","
",5412764270
PROSSER ANIMAL HOSPITAL,"
PO BOX 231
PROSSER,
WA
99350




5097861393

54.638 miles from 97818
","
",5097861393
MOBILE VET,"
11512 N FRENCH RD
PROSER,
WA
99350




5097811076

56.164 miles from 97818
","
",5097811076
"DR. MENKS"" MOBILE VET CARE","
2403 N 543 PR NE
BENTON CITY,
WA
99320




5094384800

56.561 miles from 97818
","
",5094384800
VCA MEADOW HILLS SOUTH ANIMAL HOSPITAL,"
3711 PLAZA WAY
KENNEWICK,
WA
99338




5097350397

57.021 miles from 97818
","
",5097350397
LAUREN CHARLES,"
4002 SOUTH IRBY ST
KDNNEWICK,
WA
99337




9196732712

57.161 miles from 97818
","
",9196732712
HORSE HAVEN HILLS PET URGENT CARE,"
4309 W 27TH PL BLDG C STE 104
KENNEWICK,
WA
99338




5095810647

57.709 miles from 97818
","
",5095810647
MOBILE VET,"
13804 NORTH NASCAR PRNE
BENTON CITY,
WA
99320




5093030251

58.528 miles from 97818
","
",5093030251
SUNRISE VETERINARY CLINIC,"
PO BOX 730
BENTON CITY,
WA
99320




5095886970

58.839 miles from 97818
","
",5095886970
THE FIX MACHINE ANIMAL HEALT,"
201 N. EDISON ST SUITE 260
KENNEWICK,
WA
99336




5099871738

59.065 miles from 97818
","
",5099871738
VCA MEADOW HILLS ANIMAL HOSPITAL,"
8802 W GAGE BLVD
KENNEWICK,
WA
99336




5097830399

59.31 miles from 97818
","
",5097830399
BANFIELD - KENNEWICK,"
6807 W CANAL DR STE A
KENNEWICK,
WA
99336




5097835800

59.594 miles from 97818
","
",5097835800
THE FIX MACHINE ANIMAL HEALTH CLINIC,"
3030 W CLEARWATER AVE
KENNEWICK,
WA
99336




5095302218

59.737 miles from 97818
","
",5095302218
VISTA VETERINARY HOSPITAL,"
5603 W CANAL DR
KENNEWICK,
WA
99336




5097832131

59.81 miles from 97818
","
",5097832131
ANIMAL EYE CARE,"
5603 W CANAL DR
KENNEWICK,
WA
99336




5097371893

59.81 miles from 97818
","
",5097371893
VCA VINEYARD ANIMAL CLINIC,"
1021 W 4TH AVE
KENNEWICK,
WA
99336




5095827211

59.845 miles from 97818
","
",5095827211
DR. CAROLE MYLIUS LLC,"
5701 E. 449 PRNE
BENTON CITY,
WA
99320




5095886984

59.895 miles from 97818
","
",5095886984
ANIMAL HOSPITAL OF KENNEWICK,"
712 W COLUMBIA DR
KENNEWICK,
WA
99336




5095828008

60.701 miles from 97818
","
",5095828008
DESERT VET CLINIC INC,"
42 GOETHALS DR
RICHLAND,
WA
99352




5099464138

60.881 miles from 97818
","
",5099464138
ANIMAL HOSPITAL OF PASCO,"
3012 N ROAD 92
PASCO,
WA
99301




5095459949

61.641 miles from 97818
","
",5095459949
"PAWS, CLAWS AND HOOVES VETERINARY","
4900 PARADISE WAY STE 100
WEST RICHLAND,
WA
99353




5095781729

61.654 miles from 97818
","
",5095781729
FOREMAN EQUINE CLINIC,"
8913 W ARGENT ST
PASCO,
WA
99301




5095460445

61.777 miles from 97818
","
",5095460445
HORSE SENSE VET,"
943 STEVENS DR.
RICHLAND,
WA
99352




5099407181

62.03 miles from 97818
","
",5099407181
DOUBLE ARROW VETERINARY CLINIC,"
7021 W ARGENT RD
PASCO,
WA
99301




5095470655

62.182 miles from 97818
","
",5095470655
COLUMBIA VETERINARY CLINIC,"
1716 N 20TH AVE
PASCO,
WA
99301




5095442899

62.601 miles from 97818
","
",5095442899
RICHLAND ANIMAL HOSPITAL,"
2666 VAN GIESEN ST
RICHLAND,
WA
99354




5099467877

62.63 miles from 97818
","
",5099467877
MID-COLUMBIA VETERINARY CLINIC,"
PO BOX 273
GOLDENDALE,
WA
98620




5097734363

62.707 miles from 97818
","
",5097734363
GOLDENDALE VETERINARY CLINIC,"
228 SOUTH COLUMBUS
GOLDENDALE,
WA




5097730369

62.763 miles from 97818
","
",5097730369
VCA ANIMAL MEDICAL CENTER,"
1530 JADWIN AVE
RICHLAND,
WA
99354




5099435671

63.074 miles from 97818
","
",5099435671
BLUE CROSS ANIMAL HOSPITAL,"
1912 N 4TH AVE
PASCO,
WA
99301




5095471781

63.132 miles from 97818
","
",5095471781
MID COLUMBNIA PET EMERGENCY SVC,"
8913 SANDIFUR PKWY
PASCO,
WA
99301




5095473577

63.169 miles from 97818
","
",5095473577
PET MEDICAL CENTER OF PASCO,"
8823 SANDIFUR PKWY
PASCO,
WA
99301




5095454931

63.19 miles from 97818
","
",5095454931
VETERINARY CLINIC,"
107 ZILLAH AVE
SUNNYSIDE,
WA
98944




5098373684

64.901 miles from 97818
","
",5098373684
HOMEVET,"
PO BOX 1205
GRANGER,
WA
98932




5097508305

68.626 miles from 97818
","
",5097508305
KENNEDY MOBIL VETERINARY SRVS,"
1016 S MAIN ST
MILTON FREEWATER,
OR
97862




5419389306

70.752 miles from 97818
","
",5419389306
SOUTH VALLEY ANIMAL HOSPITAL,"
84601 HIGHWAY 11
MILTON FREEWATER,
OR
97862




5419384222

72.168 miles from 97818
","
",5419384222
ZILLAH VETERINARY CLINIC,"
90 CHEYNE RD
ZILLAH,
WA
98953




5098296515

74.363 miles from 97818
","
",5098296515
MY FAMILY PET DOCTOR,"
1215 KELLY AVE STE 1
THE DALLES,
OR
97058




5412988200

74.747 miles from 97818
","
",5412988200
ANIMAL CLINIC OF WALLA WALLA,"
2089 TAUMARSON RD
WALLA WALLA,
WA
99362




5095256111

75.011 miles from 97818
","
",5095256111
DALLES VETERINARY HOSPITAL,"
408 W 3RD ST
THE DALLES,
OR
97058




5412969191

75.223 miles from 97818
","
",5412969191
COLUMBIA VETERINARY HOSPITAL,"
1000 W 6TH ST
THE DALLES,
OR
97058




5412965059

75.646 miles from 97818
","
",5412965059
SAGE COUNTRY VETERINARY SERVICE,"
PO BOX 332
DUENA,
WA
98921




5099455559

75.737 miles from 97818
","
",5099455559
ASSOCIATED VETERINARY CLINIC,"
208 WILDWOOD ST
WALLA WALLA,
WA
99362




5095252502

76.244 miles from 97818
","
",5095252502
WAPATO TOPPENISH VETERINARY CLINIC,"
21 BRANCH RD
TOPPENISH,
WA
98948




5098653435

76.372 miles from 97818
","
",5098653435
